{
    "initial_capital": 1000000,
    "final_value": 1002210.3308156256,
    "total_return": 0.22103308156256052,
    "annual_return": 0.0003041173041434367,
    "sharpe_ratio": -41.96810107061572,
    "max_drawdown": 13.570567486565357,
    "max_drawdown_length": 312,
    "sqn": 1.0343172254400257,
    "trade_count": 25,
    "win_count": 7,
    "loss_count": 17,
    "win_rate": 28.000000000000004,
    "avg_trade_length": 12.375
}