{
    "initial_capital": 1000000,
    "final_value": 1001162.71271196,
    "total_return": 0.11627127119600011,
    "annual_return": 0.00016006023209857778,
    "sharpe_ratio": -20.42681540551299,
    "max_drawdown": 22.63408615612168,
    "max_drawdown_length": 383,
    "sqn": 0.4915190616949445,
    "trade_count": 12,
    "win_count": 5,
    "loss_count": 7,
    "win_rate": 41.66666666666667,
    "avg_trade_pnl": 0,
    "max_trade_pnl": 0,
    "min_trade_pnl": 0,
    "avg_trade_length": 24.916666666666668
}