{
    "initial_capital": 1000000,
    "final_value": 999650.6397452264,
    "total_return": -0.03493602547736119,
    "annual_return": -2.0566291658892637e-05,
    "sharpe_ratio": -35.474134578196356,
    "max_drawdown": 11.863206849587767,
    "max_drawdown_length": 962,
    "sqn": -0.19916911707635188,
    "trade_count": 47,
    "win_count": 17,
    "loss_count": 29,
    "win_rate": 36.17021276595745,
    "avg_trade_pnl": 0,
    "max_trade_pnl": 0,
    "min_trade_pnl": 0,
    "avg_trade_length": 15.130434782608695
}