{
    "initial_capital": 1000000,
    "final_value": 1001661.7041863599,
    "total_return": 0.16617041863598025,
    "annual_return": 0.00022869491508552644,
    "sharpe_ratio": -38.43828503728663,
    "max_drawdown": 15.500715242700567,
    "max_drawdown_length": 363,
    "sqn": 0.7476847278381178,
    "trade_count": 29,
    "win_count": 7,
    "loss_count": 21,
    "win_rate": 24.137931034482758,
    "avg_trade_pnl": 0,
    "max_trade_pnl": 0,
    "min_trade_pnl": 0,
    "avg_trade_length": 10.571428571428571
}